-- phpMyAdmin SQL Dump
-- version 4.9.5
-- https://www.phpmyadmin.net/
--
-- Host: localhost:3306
-- Generation Time: Feb 09, 2021 at 05:13 PM
-- Server version: 5.7.24
-- PHP Version: 7.3.7

SET SQL_MODE = "NO_AUTO_VALUE_ON_ZERO";
SET AUTOCOMMIT = 0;
START TRANSACTION;
SET time_zone = "+00:00";


/*!40101 SET @OLD_CHARACTER_SET_CLIENT=@@CHARACTER_SET_CLIENT */;
/*!40101 SET @OLD_CHARACTER_SET_RESULTS=@@CHARACTER_SET_RESULTS */;
/*!40101 SET @OLD_COLLATION_CONNECTION=@@COLLATION_CONNECTION */;
/*!40101 SET NAMES utf8mb4 */;

--
-- Database: `test_amasty`
--

-- --------------------------------------------------------

--
-- Table structure for table `cities`
--

CREATE TABLE `cities` (
  `id` int(11) NOT NULL,
  `name` varchar(255) NOT NULL
) ENGINE=InnoDB DEFAULT CHARSET=utf8;

--
-- Dumping data for table `cities`
--

INSERT INTO `cities` (`id`, `name`) VALUES
(1, 'Minsk'),
(2, 'Gomel'),
(3, 'Hrodna'),
(4, 'Baranovichi'),
(5, 'Brest'),
(6, 'Zhlobin'),
(7, 'Vitebsk'),
(8, 'Krugloe');

-- --------------------------------------------------------

--
-- Table structure for table `persons`
--

CREATE TABLE `persons` (
  `id` int(11) NOT NULL,
  `city_id` int(11) NOT NULL,
  `fullname` varchar(255) NOT NULL
) ENGINE=InnoDB DEFAULT CHARSET=utf8;

--
-- Dumping data for table `persons`
--

INSERT INTO `persons` (`id`, `city_id`, `fullname`) VALUES
(1, 5, 'Ivan Petrov'),
(2, 3, 'Sebastian Haponenka'),
(3, 3, 'Vasil Lutsevich'),
(4, 2, 'Leo Klimovich'),
(5, 7, 'Matea Kezhman'),
(6, 8, 'Alex Marshall'),
(7, 3, 'Bilbo Beggins');

-- --------------------------------------------------------

--
-- Table structure for table `transactions`
--

CREATE TABLE `transactions` (
  `transaction_id` int(11) NOT NULL,
  `from_person_id` int(11) NOT NULL,
  `to_person_id` int(11) NOT NULL,
  `amount` decimal(8,4) NOT NULL
) ENGINE=InnoDB DEFAULT CHARSET=utf8;

--
-- Dumping data for table `transactions`
--

INSERT INTO `transactions` (`transaction_id`, `from_person_id`, `to_person_id`, `amount`) VALUES
(1, 4, 2, '10.0000'),
(2, 2, 3, '7.0000'),
(3, 5, 2, '12.5400'),
(4, 4, 7, '13.0000'),
(5, 3, 1, '8.2300'),
(6, 1, 3, '12.3000'),
(7, 2, 5, '3.1200');

--
-- Indexes for dumped tables
--

--
-- Indexes for table `cities`
--
ALTER TABLE `cities`
  ADD PRIMARY KEY (`id`);

--
-- Indexes for table `persons`
--
ALTER TABLE `persons`
  ADD PRIMARY KEY (`id`),
  ADD KEY `city_id` (`city_id`);

--
-- Indexes for table `transactions`
--
ALTER TABLE `transactions`
  ADD PRIMARY KEY (`transaction_id`);

--
-- AUTO_INCREMENT for dumped tables
--

--
-- AUTO_INCREMENT for table `cities`
--
ALTER TABLE `cities`
  MODIFY `id` int(11) NOT NULL AUTO_INCREMENT, AUTO_INCREMENT=9;

--
-- AUTO_INCREMENT for table `persons`
--
ALTER TABLE `persons`
  MODIFY `id` int(11) NOT NULL AUTO_INCREMENT, AUTO_INCREMENT=8;

--
-- AUTO_INCREMENT for table `transactions`
--
ALTER TABLE `transactions`
  MODIFY `transaction_id` int(11) NOT NULL AUTO_INCREMENT, AUTO_INCREMENT=8;

--
-- Constraints for dumped tables
--

--
-- Constraints for table `persons`
--
ALTER TABLE `persons`
  ADD CONSTRAINT `persons_ibfk_1` FOREIGN KEY (`city_id`) REFERENCES `cities` (`id`);
COMMIT;

/*!40101 SET CHARACTER_SET_CLIENT=@OLD_CHARACTER_SET_CLIENT */;
/*!40101 SET CHARACTER_SET_RESULTS=@OLD_CHARACTER_SET_RESULTS */;
/*!40101 SET COLLATION_CONNECTION=@OLD_COLLATION_CONNECTION */;
